{"cameraMode":{"drawMode":0,"name":"Shaded","section":"Shading Mode"},"sceneLighting":true,"audioPlay":false,"sceneViewState":{"showFog":true,"showMaterialUpdate":true,"showSkybox":true,"showFlares":true,"showImageEffects":true,"showParticleSystems":true},"in2DMode":false,"pivot":{"x":50.50733947753906,"y":-1.2530863285064698,"z":0.9102460145950317},"rotation":{"x":0.24625322222709657,"y":-0.501982569694519,"z":0.1516573429107666,"w":0.8150911331176758},"size":10.301143646240235,"orthographic":false}